{
    "train_loss": [
        0.747752343287398,
        0.6600737180901971,
        0.575742211097326,
        0.5083272085958348,
        0.4588917056883211,
        0.4192406301533346,
        0.3857230862309208,
        0.37479799412764037,
        0.34264551093563056,
        0.3368282620641556,
        0.33728345464437437,
        0.32624013257987333,
        0.29864914592478303,
        0.28869171358726836,
        0.28131326652326427,
        0.2755689076369717,
        0.27784615206521945,
        0.26814052315885983,
        0.25536859223121033,
        0.24790254060602013,
        0.23572619876145443,
        0.24016858785389325,
        0.2830558008081092,
        0.2505405080596824,
        0.22545769571875915
    ],
    "train_acc": [
        0.5820557131041002,
        0.6528528595060853,
        0.7167892591279689,
        0.7617755228642326,
        0.791201406120761,
        0.8127160138248848,
        0.8274861898853834,
        0.834304472409311,
        0.8479244210090985,
        0.8532435306628855,
        0.8544454537398086,
        0.8592494535034858,
        0.871047131631809,
        0.8795732157627318,
        0.8812311680255229,
        0.8825494062389223,
        0.8838048712040647,
        0.8827820365118751,
        0.8929051459293394,
        0.8938799775493323,
        0.8992027797471346,
        0.8988039849935011,
        0.8808859151601086,
        0.8950209736500059,
        0.9049871499468274
    ],
    "val_loss": [
        0.9053825348870367,
        0.6185762617323134,
        0.5878775550259484,
        0.8891445782958952,
        1.0014349415770962,
        0.5371345289242573,
        0.51204685599376,
        0.3987289286322064,
        0.34173730028490734,
        0.3151446140220023,
        0.4819479741347142,
        0.33798040131218415,
        0.38924291169541514,
        0.2806580381260978,
        0.27343179387414557,
        0.28010634301055193,
        0.3258734310411999,
        0.37810046155738014,
        0.2784891744964143,
        0.2672537075530769,
        0.29095916577384,
        0.2898672405853231,
        0.31886124407124317,
        0.28567763099558335,
        0.2809114565706661
    ],
    "val_acc": [
        0.5386338571822443,
        0.6689843534601598,
        0.7477857044389302,
        0.6403622139509236,
        0.6941256548111387,
        0.7258839950372208,
        0.7355338433967467,
        0.8137751585332231,
        0.8452664047422112,
        0.8592069892473119,
        0.7761407499310725,
        0.8514698786876207,
        0.85011717673008,
        0.8779294182519989,
        0.8805745106148333,
        0.8709677419354839,
        0.8500999448580094,
        0.8362110559691205,
        0.8752498621450234,
        0.8829697408326441,
        0.8760252963881997,
        0.8747070581748001,
        0.8576044251447478,
        0.8803074165977393,
        0.8816428866832093
    ]
}