{
    "train_loss": [
        0.730237046222547,
        0.6339755944170795,
        0.580733094787423,
        0.5230102887575007,
        0.4506970537014497,
        0.38889511688288314,
        0.33906268923383054,
        0.29750175701774956,
        0.2712791337880678,
        0.2559372533842812,
        0.23765606364924394,
        0.22236586602288724,
        0.206126869137607,
        0.19950671808541695,
        0.17959626939748125,
        0.1754052869074947,
        0.1681299944657273,
        0.1551909241808285,
        0.15577677292953973,
        0.1389110142129709,
        0.13161493510505928,
        0.13437702699015155,
        0.11795301103261692,
        0.11675283556459505,
        0.11085329663209727
    ],
    "train_acc": [
        0.6047796289731773,
        0.6699013352239158,
        0.7143891055181378,
        0.7471752038284296,
        0.7920543837882548,
        0.829208761668439,
        0.8547297796289731,
        0.8725832299421009,
        0.8817499704596479,
        0.8942270766867542,
        0.8992618604513766,
        0.9059047471345858,
        0.9132233693725629,
        0.917002688172043,
        0.9257078606876994,
        0.9288576007326007,
        0.9306872562920949,
        0.9363479262672811,
        0.93646239513175,
        0.9448241610539998,
        0.9460205453149002,
        0.9483173076923077,
        0.951808608058608,
        0.9532948570246957,
        0.9554716117216118
    ],
    "val_loss": [
        0.6406775697683676,
        0.6321542326711181,
        0.601781167026259,
        0.49604128122839153,
        0.45194393600154126,
        0.32879724124303233,
        0.3029563077367269,
        0.2584670602511137,
        0.24134405377583626,
        0.231646408382644,
        0.2477434652610722,
        0.201887212598171,
        0.2030171678107009,
        0.20214489643645084,
        0.17583878554849544,
        0.18848726793359488,
        0.19477930559943885,
        0.17887448692996788,
        0.18822339444588393,
        1.067720029121026,
        0.1648537423620876,
        0.161342773363631,
        0.18577262326183483,
        0.19745693296098557,
        0.19074961750043762
    ],
    "val_acc": [
        0.6713795836779708,
        0.690877446925834,
        0.7072046457127102,
        0.7710056520540391,
        0.7822580645161291,
        0.8554849048800662,
        0.8722945960849187,
        0.8899228012131238,
        0.8862007168458782,
        0.9102305624483044,
        0.887260476978219,
        0.9102305624483044,
        0.9086366142817756,
        0.9112989385166804,
        0.9257306313757927,
        0.9225255031706645,
        0.9136855527984561,
        0.9278759994485801,
        0.9187861869313483,
        0.9244037772263579,
        0.9332178797904604,
        0.9313482216708023,
        0.9235938792390406,
        0.9284015715467329,
        0.9238609732561346
    ]
}