{
  "train_loss": [
    0.6686042408039282, 0.5016783854954845, 0.3951918807958727,
    0.29478291277483704, 0.23500874516427953, 0.18911599624055975,
    0.16811687209653658, 0.14757276696558946, 0.1279532369865862,
    0.12091591332944437, 0.11174005177767518, 0.09972036440708357,
    0.09064789659867316, 0.08239143102083546, 0.08088287114013915,
    0.07784129457672778, 0.08006008125442053, 0.07071328639895433,
    0.06501443667193166, 0.062433808197112986, 0.06401044885436459,
    0.05291491062328136, 0.04871781697936421, 0.0463017906085652,
    0.0557993705521797
  ],
  "train_acc": [
    0.6521734314073023, 0.7617182884319981, 0.8261753367600142,
    0.8752787870731419, 0.901554930284769, 0.9219230030721965,
    0.9312023661822049, 0.9409340659340659, 0.9489450401748789,
    0.9524344942691716, 0.9562138130686518, 0.9614812271062271,
    0.964514652014652, 0.9674908424908425, 0.9673172929221316,
    0.9706922781519555, 0.9701199338296111, 0.9736721611721612,
    0.9741835785182559, 0.9757898351648352, 0.9761886299184687,
    0.9805384467682855, 0.9817403698452086, 0.9828241315136476,
    0.9796245421245421
  ],
  "val_loss": [
    0.5656725188605806, 0.9034270628904685, 0.4826503017773995,
    0.29221665133268404, 0.2488662887714867, 0.23069571525367916,
    0.21344307377042934, 0.17406822150398013, 0.15413689458121857,
    0.19497855039488557, 0.20410508684750295, 0.19564140994006243,
    0.15126497975080952, 0.14916987963912323, 0.1410965868809189,
    0.2963148896765505, 0.14450190197994822, 0.18529422828354514,
    0.1325882207781363, 0.14770975863087413, 0.1409169162492244,
    0.12266262011049299, 0.1617226429317449, 0.13889803756108013,
    0.23909050966891596
  ],
  "val_acc": [
    0.724290046870692, 0.6590760270195754, 0.7814826302729528,
    0.8714933140336366, 0.8888716570168184, 0.8976685277088503,
    0.9094465122690929, 0.9356217259443066, 0.9361472980424593,
    0.923843741384064, 0.9137286324786325, 0.9227839812517232,
    0.9407051282051282, 0.9473652467604081, 0.9476495726495726,
    0.9035704438930245, 0.9489505789909016, 0.9364143920595533,
    0.9540598290598291, 0.9543010752688172, 0.9462968706920319,
    0.9580403915081335, 0.9492521367521367, 0.9518886131789358,
    0.9316066997518611
  ]
}
